투자금액비중,보유,Ticker,설명,,yahoo,google,현재가격,적정가격,"25년 
적정 EPS","25년 
적정 PER",Fwd PER,적정 PER,목표값-최대,목표값-평균,목표값-중앙,목표값-분석가 의견합 ,구매가,투자금액,평가금액,수익,수익률,상승여력,비중,"
주간가격변화차트",,,,
0.00%,0,AAPL,Apple Inc.,AAPL,,NASDAQ:,$307.34,253.17,6.29,,,,,$252.73,,,$209.87,$0.00,$0.00,$0.00,#DIV/0!,-17.77%,0.00%,,,,,
0.00%,0,NVDA,NVIDIA Corporation,NVDA,,NASDAQ:,$205.10,,2.94,,,,,$240.00,,,$222.14,$0.00,$0.00,$0.00,#DIV/0!,17.02%,0.00%,,,,,
0.00%,0,GOOGL,GOOGL,GOOGL,,NASDAQ:,368.53,,,,,,,31.00,,,$333.06,$0.00,$0.00,$0.00,#DIV/0!,-91.59%,0.00%,,,,,
0.00%,0,AMZN,amazon,AMZN,,NASDAQ:,$246.03,,,,,,,$316.01,,,$264.18,$0.00,$0.00,$0.00,#DIV/0!,28.44%,0.00%,,,,,
0.00%,0,TSLA,"Tesla, Inc.",TSLA,,NASDAQ:,$391.00,,2.04,,,,,$411.33,,,$379.26,$0.00,$0.00,$0.00,#DIV/0!,5.20%,0.00%,,,,,
0.00%,0,AVGO,Broadcom Inc.,AVGO,,NASDAQ:,$385.73,,,,,,,$475.00,,,$422.34,$0.00,$0.00,$0.00,#DIV/0!,23.14%,0.00%,,,,,
0.00%,0,WMT,WALMART,WMT,,NYSE:,#N/A,,,,,,,110.00,,,,,#N/A,#N/A,,,0.00%,,,,,
,5.5,JPM,JP Morgan Chase & Co.,JPM,,NYSE:,$312.37,,19.75,NASDAQ:AMZN,,,,$342.96,,,$287.93,"$1,583.62","$1,718.04",$134.42,8.49%,9.79%,5.90%,,,,,
0.00%,0,ORCL,Oracle Corporation,ORCL,,NYSE:,213.68,,,,,,,198.34,,,,,$0.00,$0.00,,,0.00%,,,,,
0.00%,0,NFLX,"Netflix, Inc.",NFLX,,NASDAQ:,82.18,,,,,,,980.56,,,,,$0.00,$0.00,,,0.00%,,,,,
0.00%,0,PLTR,Palantir Technologies Inc.,PLTR,,NASDAQ:,$135.53,,0.19,,,,,$190.89,,,$137.90,$0.00,$0.00,$0.00,#DIV/0!,40.85%,0.00%,,,,,
0.00%,0,005930.ks,삼성전자보통주,005930,.ks,KRX:,329000,"72,200.00",Deprecated. Use =FINANCE instead,#VALUE!,Deprecated. Use =FINANCE instead,Deprecated. Use =FINANCE instead,Deprecated. Use =FINANCE instead,,,,,,0,0.00,#DIV/0!,-100.00%,0.00%,,,,,
4.47%,5,000660.ks,에스케이하이닉스보통주,000660,.ks,KRX:,"2,070,000.00",,,#VALUE!,Deprecated. Use =FINANCE instead,,Deprecated. Use =FINANCE instead,"2,246,000.00",,,"374,321.00","1,871,605.00","10,350,000.00","8,478,395.00",453.00%,8.50%,4.47%,,,,,
21.60%,9.629,MU,마아크론테크놀리지,MU,,NASDAQ:,$864.01,,,,,,,"$1,000.00",,,$602.42,"$5,800.70","$8,319.55","$2,518.85",43.42%,15.74%,21.60%,,,,,
0.00%,0,DELL,델컴퓨터,DELL,,NYSE:,394.39,,,,,,,143.22,,,,$0.00,0,0.00,#DIV/0!,-63.69%,0.00%,,,,,
0.00%,0,VRT,버티브홀딩스,VRT,,NYSE:,$300.51,,,,,,,$414.00,,,$330.87,$0.00,$0.00,$0.00,#DIV/0!,37.77%,0.00%,,,,,
0.00%,0,VST,Vistra Corp.,VST,,NYSE:,148.76,,,,,,,192.20,,,,,0,0.00,,,0.00%,,,,,
,0,373220.ks,LG에너지솔루션보통주,373220,.ks,KRX:,414000,"433,000.00",Deprecated. Use =FINANCE instead,#VALUE!,Deprecated. Use =FINANCE instead,Deprecated. Use =FINANCE instead,Deprecated. Use =FINANCE instead,,,,,,0,0.00,,,0.00%,,,,,
,0,AXON,"Axon Enterprise, Inc.",AXON,,NASDAQ:,486.12,,,,,,,679.69,,,,,0,0.00,,,0.00%,,,,,
,0,CPNG,"Coupang, Inc.",CPNG,,,15.15,,,,,,,29.85,,,,,0,0.00,,,0.00%,,,,,
,0,XYL,Xylem Inc.,XYL,,NYSE:,109.94,,,,,,,150.00,,,,,0,0.00,,,0.00%,,,,,
0.00%,0,035420.ks,NAVER보통주,035420,.ks,KRX:,"255,500.00","283,000.00",8.43,,,,,"274,500.00",,,"216,500.00",0.00,0,$0.00,#DIV/0!,7.44%,0.00%,,,,,
,0,NTRS,Northern Trust Corporation,NTRS,,NASDAQ:,170.47,,,,,,,118.79,,,,,0,0.00,,,0.00%,,,,,
,0,105560.ks,KB금융지주 보통주,105560,.ks,KRX:,171600,"114,900.00",Deprecated. Use =FINANCE instead,#VALUE!,Deprecated. Use =FINANCE instead,Deprecated. Use =FINANCE instead,Deprecated. Use =FINANCE instead,,,,,,0,0.00,,,0.00%,,,,,
,0,WIZEY,WISE PLC,WIZEY,,,#N/A,14.24,Deprecated. Use =FINANCE instead,#VALUE!,Deprecated. Use =FINANCE instead,Deprecated. Use =FINANCE instead,Deprecated. Use =FINANCE instead,,,,,,#N/A,#N/A,,,0.00%,,,,,
,0,PODD,Insulet Corporation,PODD,,NASDAQ:,153.22,,Deprecated. Use =FINANCE instead,#VALUE!,Deprecated. Use =FINANCE instead,Deprecated. Use =FINANCE instead,Deprecated. Use =FINANCE instead,323.60,,,,,0,0.00,,,0.00%,,,,,
,0,329180.ks,에이치디현대중공업보통주,329180,.ks,KRX:,664000,"344,000.00",Deprecated. Use =FINANCE instead,#VALUE!,Deprecated. Use =FINANCE instead,Deprecated. Use =FINANCE instead,Deprecated. Use =FINANCE instead,,,,,,0,0.00,,,0.00%,,,,,
,0,COHR,Coherent Corp.,COHR,,,376.99,,Deprecated. Use =FINANCE instead,#VALUE!,Deprecated. Use =FINANCE instead,Deprecated. Use =FINANCE instead,Deprecated. Use =FINANCE instead,,,,,,0,0.00,,,0.00%,,,,,
,0,AIBGY,AIB Group PLC,AIBGY,,,23.09,,Deprecated. Use =FINANCE instead,#VALUE!,Deprecated. Use =FINANCE instead,Deprecated. Use =FINANCE instead,Deprecated. Use =FINANCE instead,,,,,,0,0.00,,,0.00%,,,,,
19.02%,43,RKLB,"Rocket Lab USA, Inc.",RKLB,,,$110.08,,-0.38,,,,,$150.00,,,$118.81,"$5,108.83","$4,733.44",-$375.39,-7.35%,36.26%,19.02%,,,,,
0.00%,0,035720.ks,카카오보통주,035720,.ks,KRX:,"40,250.00","46,700.00",0.06,,,,,"48,200",,,"47,350",,,,#DIV/0!,19.75%,0.00%,,,,,
,0,012450.ks,한화에어로스페이스보통주,012450,.ks,KRX:,1049000,"485,000.00",Deprecated. Use =FINANCE instead,#VALUE!,Deprecated. Use =FINANCE instead,Deprecated. Use =FINANCE instead,Deprecated. Use =FINANCE instead,,,,,,0,0.00,,,,,,,,
,0,042660.ks,한화오션보통주,042660,.ks,KRX:,112200,"59,600.00",Deprecated. Use =FINANCE instead,#VALUE!,Deprecated. Use =FINANCE instead,Deprecated. Use =FINANCE instead,Deprecated. Use =FINANCE instead,,,,,,0,0.00,,,,,,,,
,0,MRNA,"Moderna, Inc.",MRNA,,NASDAQ:,47.44,,Deprecated. Use =FINANCE instead,#VALUE!,Deprecated. Use =FINANCE instead,Deprecated. Use =FINANCE instead,Deprecated. Use =FINANCE instead,,,,,,0,0.00,,,,,,,,
,0,NBIX,"Neurocrine Biosciences, Inc.",NBIX,,NASDAQ:,163.88,,Deprecated. Use =FINANCE instead,#VALUE!,Deprecated. Use =FINANCE instead,Deprecated. Use =FINANCE instead,Deprecated. Use =FINANCE instead,,,,,,0,0.00,,,,,,,,
,0,005490.ks,포스코홀딩스보통주,005490,.ks,KRX:,390000,"38,400.00",Deprecated. Use =FINANCE instead,#VALUE!,Deprecated. Use =FINANCE instead,Deprecated. Use =FINANCE instead,Deprecated. Use =FINANCE instead,,,,,,0,0.00,,,,,,,,
,0,GGAL,Grupo Financiero Galicia S.A.,GGAL,,NASDAQ:,47.81,,Deprecated. Use =FINANCE instead,#VALUE!,Deprecated. Use =FINANCE instead,Deprecated. Use =FINANCE instead,Deprecated. Use =FINANCE instead,,,,,,0,0.00,,,,,25.39917663,,,
,0,259960.ks,크래프톤보통주,259960,.ks,KRX:,257500,"445,000.00",Deprecated. Use =FINANCE instead,#VALUE!,Deprecated. Use =FINANCE instead,Deprecated. Use =FINANCE instead,Deprecated. Use =FINANCE instead,,,,,,0,0.00,,,,,,,,
,0,011200.ks,에이치엠엠보통주,011200,.ks,KRX:,19450,"22,830.00",Deprecated. Use =FINANCE instead,#VALUE!,Deprecated. Use =FINANCE instead,Deprecated. Use =FINANCE instead,Deprecated. Use =FINANCE instead,,,,,,0,0.00,,,,,,,,
,0,009540.ks,에이치디한국조선해양보통주,009540,.ks,KRX:,379000,"287,500.00",Deprecated. Use =FINANCE instead,#VALUE!,Deprecated. Use =FINANCE instead,Deprecated. Use =FINANCE instead,Deprecated. Use =FINANCE instead,,,,,,0,0.00,,,,,,,,
,0,PHYS,Sprott Physical Gold Trust ETV,PHYS,,,32.54,,Deprecated. Use =FINANCE instead,#VALUE!,Deprecated. Use =FINANCE instead,Deprecated. Use =FINANCE instead,Deprecated. Use =FINANCE instead,,,,,,0,0.00,,,,,,,,
0.00%,0,IONQ,"IonQ, Inc.",IONQ,,,$56.78,$45.71,-1.54,,,,,$46.29,,,$46.33,$0.00,$0.00,$0.00,#DIV/0!,-18.47%,0.00%,,,,,
11.94%,1000,010140.ks,삼성중공업보통주,010140,.ks,KRX:,"27,750.00",,,,,,,"37,900",,,"5,000","5,000,000","27,750,000","22,750,000",455.00%,36.58%,11.94%,,,,,
,0,000100.ks,유한양행보통주,000100,.ks,KRX:,77500,"147,100.00",Deprecated. Use =FINANCE instead,#VALUE!,Deprecated. Use =FINANCE instead,Deprecated. Use =FINANCE instead,Deprecated. Use =FINANCE instead,,,,,,0,0.00,,,,,,,,
0.00%,0,SMR,NuScale Power Corporation,SMR,,,10.50,21.04,-1.47,,,,,24,,,37,$0.00,,,#DIV/0!,123.81%,0.00%,,,,,
,0,SOUN,"SoundHound AI, Inc.",SOUN,,,7.39,,Deprecated. Use =FINANCE instead,#VALUE!,Deprecated. Use =FINANCE instead,Deprecated. Use =FINANCE instead,Deprecated. Use =FINANCE instead,,,,,,0,0.00,,,,,,,,
,0,003490.ks,대한항공보통주,003490,.ks,KRX:,24900,"33,100.00",Deprecated. Use =FINANCE instead,#VALUE!,Deprecated. Use =FINANCE instead,Deprecated. Use =FINANCE instead,Deprecated. Use =FINANCE instead,,,,,,0,0.00,,,,,,,,
,0,VIRT,"Virtu Financial, Inc.",VIRT,,NASDAQ:,#N/A,,Deprecated. Use =FINANCE instead,#VALUE!,Deprecated. Use =FINANCE instead,Deprecated. Use =FINANCE instead,Deprecated. Use =FINANCE instead,,,,,,#N/A,#N/A,,,,,,,,
,0,086520.ks,에코프로,086520,.ks,KOSDAQ:,118500,"55,000.00",Deprecated. Use =FINANCE instead,#VALUE!,Deprecated. Use =FINANCE instead,Deprecated. Use =FINANCE instead,Deprecated. Use =FINANCE instead,,,,,,0,0.00,,,,,,,,
,0,064350.ks,현대로템보통주,064350,.ks,KRX:,191400,,Deprecated. Use =FINANCE instead,#VALUE!,Deprecated. Use =FINANCE instead,Deprecated. Use =FINANCE instead,Deprecated. Use =FINANCE instead,,,,,,0,0.00,,,,,,,,
,0,277810.ks,레인보우로보틱스,277810,.ks,KOSDAQ:,668000,,Deprecated. Use =FINANCE instead,#VALUE!,Deprecated. Use =FINANCE instead,Deprecated. Use =FINANCE instead,Deprecated. Use =FINANCE instead,,,,,,0,0.00,,,,,,,,
,0,010120.ks,LS ELECTRIC보통주,010120,.ks,KRX:,227000,,Deprecated. Use =FINANCE instead,#VALUE!,Deprecated. Use =FINANCE instead,Deprecated. Use =FINANCE instead,Deprecated. Use =FINANCE instead,,,,,,0,0.00,,,,,,,,
,0,003230.ks,삼양식품보통주,003230,.ks,KRX:,1120000,,Deprecated. Use =FINANCE instead,#VALUE!,Deprecated. Use =FINANCE instead,Deprecated. Use =FINANCE instead,Deprecated. Use =FINANCE instead,,,,,,0,0.00,,,,,,,,
,0,ATAT,Atour Lifestyle Holdings Limited,ATAT,,NASDAQ:,33.42,,Deprecated. Use =FINANCE instead,#VALUE!,Deprecated. Use =FINANCE instead,Deprecated. Use =FINANCE instead,Deprecated. Use =FINANCE instead,,,,,,0,0.00,,,,,,,,
,0,272210.ks,한화시스템보통주,272210,.ks,KRX:,94600,,Deprecated. Use =FINANCE instead,#VALUE!,Deprecated. Use =FINANCE instead,Deprecated. Use =FINANCE instead,Deprecated. Use =FINANCE instead,,,,,,0,0.00,,,,,,,,
,0,RGTI,"Rigetti Computing, Inc.",RGTI,,NASDAQ:,20.68,,Deprecated. Use =FINANCE instead,#VALUE!,Deprecated. Use =FINANCE instead,Deprecated. Use =FINANCE instead,Deprecated. Use =FINANCE instead,,,,,,0,0.00,,,,,,,,
,0,454910.ks,두산로보틱스보통주,454910,.ks,KRX:,140300,,Deprecated. Use =FINANCE instead,#VALUE!,Deprecated. Use =FINANCE instead,Deprecated. Use =FINANCE instead,Deprecated. Use =FINANCE instead,,,,,,0,0.00,,,,,,,,
0.00%,0,377300.ks,카카오페이보통주,377300,.ks,KRX:,"45,250.00",,-0.07,,,,,"32,500",,,,,,,#DIV/0!,-28.18%,0.00%,,,,,
,0,307950.ks,현대오토에버보통주,307950,.ks,KRX:,836000,,Deprecated. Use =FINANCE instead,#VALUE!,Deprecated. Use =FINANCE instead,Deprecated. Use =FINANCE instead,Deprecated. Use =FINANCE instead,,,,,,0,0.00,,,,,,,,
,0,CPRX,"Catalyst Pharmaceuticals, Inc.",CPRX,,NASDAQ:,31.27,,Deprecated. Use =FINANCE instead,#VALUE!,Deprecated. Use =FINANCE instead,Deprecated. Use =FINANCE instead,Deprecated. Use =FINANCE instead,,,,,,0,0.00,,,,,,,,
,0,009830.ks,한화솔루션보통주,009830,.ks,KRX:,38400,,Deprecated. Use =FINANCE instead,#VALUE!,Deprecated. Use =FINANCE instead,Deprecated. Use =FINANCE instead,Deprecated. Use =FINANCE instead,,,,,,0,0.00,,,,,,,,
,0,ODD,ODDITY Tech Ltd.,ODD,,NASDAQ:,9.81,,Deprecated. Use =FINANCE instead,#VALUE!,Deprecated. Use =FINANCE instead,Deprecated. Use =FINANCE instead,Deprecated. Use =FINANCE instead,,,,,,0,0.00,,,,,,,,
,0,CEPU,Central Puerto S.A.,CEPU,,,14.64,,Deprecated. Use =FINANCE instead,#VALUE!,Deprecated. Use =FINANCE instead,Deprecated. Use =FINANCE instead,Deprecated. Use =FINANCE instead,,,,,,0,0.00,,,,,,,,
,0,012510.ks,더존비즈온보통주,012510,.ks,KRX:,120000,,Deprecated. Use =FINANCE instead,#VALUE!,Deprecated. Use =FINANCE instead,Deprecated. Use =FINANCE instead,Deprecated. Use =FINANCE instead,,,,,,0,0.00,,,,,,,,
,0,026960.ks,동서보통주,026960,.ks,KRX:,23650,,Deprecated. Use =FINANCE instead,#VALUE!,Deprecated. Use =FINANCE instead,Deprecated. Use =FINANCE instead,Deprecated. Use =FINANCE instead,,,,,,0,0.00,,,,,,,,
,0,328130.ks,루닛,328130,.ks,KOSDAQ:,14700,,Deprecated. Use =FINANCE instead,#VALUE!,Deprecated. Use =FINANCE instead,Deprecated. Use =FINANCE instead,Deprecated. Use =FINANCE instead,,,,,,0,0.00,,,,,,,,
,0,004370.ks,농심보통주,004370,.ks,KRX:,373500,"480,500.00",Deprecated. Use =FINANCE instead,#VALUE!,Deprecated. Use =FINANCE instead,Deprecated. Use =FINANCE instead,Deprecated. Use =FINANCE instead,,,,,,0,0.00,,,,,,,,
,0,005070.ks,코스모신소재보통주,005070,.ks,KRX:,46000,,Deprecated. Use =FINANCE instead,#VALUE!,Deprecated. Use =FINANCE instead,Deprecated. Use =FINANCE instead,Deprecated. Use =FINANCE instead,,,,,,0,0.00,,,,,,,,
,0,036930.ks,주성엔지니어링,036930,.ks,KOSDAQ:,210000,"44,650.00",Deprecated. Use =FINANCE instead,#VALUE!,Deprecated. Use =FINANCE instead,Deprecated. Use =FINANCE instead,Deprecated. Use =FINANCE instead,,,,,,0,0.00,,,,,,,,
,0,103140.ks,풍산 보통주,103140,.ks,KRX:,72300,,Deprecated. Use =FINANCE instead,#VALUE!,Deprecated. Use =FINANCE instead,Deprecated. Use =FINANCE instead,Deprecated. Use =FINANCE instead,,,,,,0,0.00,,,,,,,,
,0,SERV,Serve Robotics Inc.,SERV,,NASDAQ:,7.75,,Deprecated. Use =FINANCE instead,#VALUE!,Deprecated. Use =FINANCE instead,Deprecated. Use =FINANCE instead,Deprecated. Use =FINANCE instead,,,,,,0,0.00,,,,,,,,
,0,031980.ks,피에스케이홀딩스,031980,.ks,KOSDAQ:,126400,"64,000.00",Deprecated. Use =FINANCE instead,#VALUE!,Deprecated. Use =FINANCE instead,Deprecated. Use =FINANCE instead,Deprecated. Use =FINANCE instead,,,,,,0,0.00,,,,,,,,
,0,071970.ks,에이치디현대마린엔진보통주,071970,.ks,KRX:,65800,"26,000.00",Deprecated. Use =FINANCE instead,#VALUE!,Deprecated. Use =FINANCE instead,Deprecated. Use =FINANCE instead,Deprecated. Use =FINANCE instead,,,,,,0,0.00,,,,,,,,
,0,KRKNF,Kraken Robotics Inc.,KRKNF,,,5.42,,Deprecated. Use =FINANCE instead,#VALUE!,Deprecated. Use =FINANCE instead,Deprecated. Use =FINANCE instead,Deprecated. Use =FINANCE instead,,,,,,0,0.00,,,,,,,,
,0,008730.ks,율촌화학보통주,008730,.ks,KRX:,17500,,Deprecated. Use =FINANCE instead,#VALUE!,Deprecated. Use =FINANCE instead,Deprecated. Use =FINANCE instead,Deprecated. Use =FINANCE instead,,,,,,0,0.00,,,,,,,,
0.00%,0,340570.ks,티앤엘,340570,.ks,KOSDAQ:,"55,400.00","97,500.00",3.87,,,,,"105,000",,,"63,928",,,,#DIV/0!,89.53%,0.00%,,,,,
0.00%,0,SOXL,3X ETF,SOXL,,,$182.54,,,,,,,,,,$33.88,$0.00,$0.00,$0.00,#DIV/0!,-100.00%,0.00%,,,,,
0.00%,0,305080.ks,Tiger 미국채 선물,305080,.ks,KRX:,"13,860.00",,,,,,,,,,"13,215.00",0.00,0,0.00,#DIV/0!,-100.00%,0.00%,,카카오,키움2,키움1,
,0,,,,,,,,,,,,,,,,,,,,,,,,18.42,13.1427,19.11,
0.00%,0,TSLL,테슬라 2x,TSLL,,,$12.72,,,,,,,,,,$10.55,$0.00,$0.00,$0.00,#DIV/0!,-100.00%,0.00%,,43,166,23,232
0.00%,0,026960.ks,동서,026960,.ks,KRX:,"23,650.00",,,,,,,,,,"26,000.00",0.00,0,0.00,#DIV/0!,-100.00%,0.00%,,792.06,2181.6882,439.53,3413.2782
0.00%,0,UNH,United Health Group,UNH,,NYSE:,399.47,365.77,,,,,,365.77,,,$294.33,$0.00,$0.00,$0.00,#DIV/0!,-8.44%,0.00%,,,,,
0.00%,0,TEM,템퍼스AI,TEM,,NASDAQ:,46.43,,,,,,,67.14,,,$68.00,$0.00,$0.00,$0.00,#DIV/0!,44.60%,0.00%,,43,,,
6.60%,42,005930.ks,삼성전자,005930,.ks,KRX:,"329,000.00",,,,,,,"374,000.00",,,"65,861","2,766,162","13,818,000","11,051,838",399.54%,13.68%,6.60%,,,,,
0.00%,0,QQQ,QQQ,QQQ,,,$705.06,,,,,,,,,,$530.40,$0.00,$0.00,$0.00,#DIV/0!,-100.00%,0.00%,,,,,
0.00%,0,494670.ks,타이거 조선 T10 ETF,494670,.ks,KRX:,"27,930.00",,,,,,,"25,000.00",,,"21,655",0,0,0,#DIV/0!,-10.49%,0.00%,,,,,
0.00%,0,nbis,네비우스그룹,nbis,,,$227.81,,,,,,,66.50,,,$89.53,$0.00,$0.00,$0.00,#DIV/0!,-70.81%,0.00%,,,,,
0.00%,0,smci,슈퍼마이크로컴퓨터,smci,,,$41.64,,,,,,,40.69,,,$44.47,$0.00,$0.00,$0.00,#DIV/0!,-2.28%,0.00%,,,,,
0.00%,0,ai,c3.ai,ai,,,$10.43,,,,,,,28.69,,,$24.16,$0.00,$0.00,$0.00,#DIV/0!,175.07%,0.00%,,,,,
0.00%,0,pgy,파가야테크놀리즈,pgy,,,$14.56,,,,,,,22.53,,,$18.85,$0.00,$0.00,$0.00,#DIV/0!,54.74%,0.00%,,,,,
4.80%,155,494670.ks,키움 미국양자컴퓨팅,498270,.ks,KRX:,"19,200.00",,,,,,,"17,000.00",,,"12,979.00","2,011,745.00","2,976,000.00","964,255.00",47.93%,-11.46%,4.80%,,,,,
0.00%,0,TSLL,TSLL,TSLL,,,$12.72,,,,,,,,,,$14.83,$0.00,$0.00,$0.00,#DIV/0!,-100.00%,0.00%,,,,,
0.00%,0,CLS,셀레스티카,CLS,,,$371.71,,,,,,,,,,$147.64,$0.00,$0.00,$0.00,#DIV/0!,-100.00%,0.00%,,,,,
0.00%,0,HIMS,힘즈&허즈,HIMS,,,$26.19,,,,,,,,,,$46.78,$0.00,$0.00,$0.00,#DIV/0!,-100.00%,0.00%,,,,,
0.62%,1,LABU,LABU,LABU,,,$160.26,,,#VALUE!,Deprecated. Use =FINANCE instead,,Deprecated. Use =FINANCE instead,4.00,,,166.50,$166.50,$160.26,-$6.24,-3.75%,-97.50%,0.62%,#N/A,,,,
,0,060370.ks,엘에스마린솔루션,060370,.ks,KOSDAQ:,30400,"25,000.00",Deprecated. Use =FINANCE instead,#VALUE!,Deprecated. Use =FINANCE instead,Deprecated. Use =FINANCE instead,Deprecated. Use =FINANCE instead,,,,,$0.00,0,0.00,,,,,,,,
,0,RR,Richtech Robotics Inc.,RR,,NASDAQ:,2.4,,Deprecated. Use =FINANCE instead,#VALUE!,Deprecated. Use =FINANCE instead,Deprecated. Use =FINANCE instead,Deprecated. Use =FINANCE instead,,,,,$0.00,0,0.00,,,,,,,,
,0,466100.ks,클로봇,466100,.ks,KOSDAQ:,43200,,Deprecated. Use =FINANCE instead,#VALUE!,Deprecated. Use =FINANCE instead,Deprecated. Use =FINANCE instead,Deprecated. Use =FINANCE instead,,,,,$0.00,0,0.00,,,,,,,,
,0,130660.ks,한전산업개발보통주,130660,.ks,KRX:,13130,,Deprecated. Use =FINANCE instead,#VALUE!,Deprecated. Use =FINANCE instead,Deprecated. Use =FINANCE instead,Deprecated. Use =FINANCE instead,,,,,$0.00,0,0.00,,,,,,,,
,0,ARBE,Arbe Robotics Ltd.,ARBE,,NASDAQ:,0.91,,Deprecated. Use =FINANCE instead,#VALUE!,Deprecated. Use =FINANCE instead,Deprecated. Use =FINANCE instead,Deprecated. Use =FINANCE instead,,,,,$0.00,0,0.00,,,,,,,,
,0,348340.ks,뉴로메카,348340,.ks,KOSDAQ:,48800,,Deprecated. Use =FINANCE instead,#VALUE!,Deprecated. Use =FINANCE instead,Deprecated. Use =FINANCE instead,Deprecated. Use =FINANCE instead,,,,,$0.00,0,0.00,,,,,,,,
,0,211050.ks,인카금융서비스,211050,.ks,KOSDAQ:,9020,,Deprecated. Use =FINANCE instead,#VALUE!,Deprecated. Use =FINANCE instead,Deprecated. Use =FINANCE instead,Deprecated. Use =FINANCE instead,,,,,$0.00,0,0.00,,,,,,,,
,0,007570.ks,일양약품보통주,007570,.ks,KRX:,8210,,Deprecated. Use =FINANCE instead,#VALUE!,Deprecated. Use =FINANCE instead,Deprecated. Use =FINANCE instead,Deprecated. Use =FINANCE instead,,,,,$0.00,0,0.00,,,,,,,,
,0,OPTT,"Ocean Power Technologies, Inc.",OPTT,,,0.29,,Deprecated. Use =FINANCE instead,#VALUE!,Deprecated. Use =FINANCE instead,Deprecated. Use =FINANCE instead,Deprecated. Use =FINANCE instead,,,,,$0.00,0,0.00,,,,,,,,
0.00%,0,0051A0.ks,KoAct브로드컴밸류체인액티브,0051A0,.ks,KRX:,23300,,Deprecated. Use =FINANCE instead,#VALUE!,Deprecated. Use =FINANCE instead,Deprecated. Use =FINANCE instead,Deprecated. Use =FINANCE instead,,,,"16,045.00",$0.00,0,0.00,#DIV/0!,-100.00%,0.00%,,,,,
,0,214420.ks,토니모리보통주,214420,.ks,KRX:,5580,"15,984.00",666,24,Deprecated. Use =FINANCE instead,Deprecated. Use =FINANCE instead,Deprecated. Use =FINANCE instead,,,,,,0,0.00,,,,,,,,
0.00%,0,204320.ks,HL만도,204320,.ks,KRX:,55200,0.00,,,Deprecated. Use =FINANCE instead,Deprecated. Use =FINANCE instead,Deprecated. Use =FINANCE instead,,,,"64,966.00",0,0,0.00,#DIV/0!,-100.00%,0.00%,,,,,
0.00%,0,0173Y0.ks,KODEX 미국광통신네트워크,0173Y0,.ks,KRX:,"13,400.00",,Deprecated. Use =FINANCE instead,#VALUE!,Deprecated. Use =FINANCE instead,Deprecated. Use =FINANCE instead,Deprecated. Use =FINANCE instead,,,,"13,789.00",0.00,0.00,0.00,#DIV/0!,-100.00%,0.00%,,,,,
0.14%,1,456600.ks,TIME 글로벌AI인공지능액티브,456600,.ks,KRX:,"70,290.00",,,#VALUE!,Deprecated. Use =FINANCE instead,,Deprecated. Use =FINANCE instead,,,,"58,130.00","58,130.00","70,290.00","12,160.00",20.92%,-100.00%,0.14%,,,,,
0.09%,1,445290.ks,KODEX 로봇액티브,445290,.ks,KRX:,"43,255.00",,,#VALUE!,Deprecated. Use =FINANCE instead,,Deprecated. Use =FINANCE instead,,,,"36,880.00","36,880.00","43,255.00","6,375.00",17.29%,-100.00%,0.09%,#N/A,,,,
1.99%,42,487230.ks,KODEX 미국AI전력핵심인프라,487230,.ks,KRX:,"26,615.00",,Deprecated. Use =FINANCE instead,#VALUE!,Deprecated. Use =FINANCE instead,Deprecated. Use =FINANCE instead,Deprecated. Use =FINANCE instead,,,,"19,893.00","835,506.00","1,117,830.00","282,324.00",33.79%,-100.00%,1.99%,#N/A,,,,
0.71%,8,395160.ks,KODEX AI 반도체 TOP2플러스,395160,.ks,KRX:,"48,725.00",,Deprecated. Use =FINANCE instead,#VALUE!,Deprecated. Use =FINANCE instead,Deprecated. Use =FINANCE instead,Deprecated. Use =FINANCE instead,,,,"37,381.00","299,048.00","389,800.00","90,752.00",30.35%,-100.00%,0.71%,#N/A,,,,
5.73%,124,0117V0.ks,Tiger 코리아AI전력기기TOP3,0117V0,.ks,KRX:,"22,470.00",https://finance.naver.com/item/main.naver?code=0117V0,,#VALUE!,Deprecated. Use =FINANCE instead,,Deprecated. Use =FINANCE instead,,,,"19,371.00","2,402,004.00","2,786,280.00","384,276.00",16.00%,-100.00%,5.73%,,,,,
,,,현금,,,,,,,,,,,,,,,,,,,,22.12%,,,,,14.71240603
,5.90%,날짜 ,2026. 6. 7 오후 10:57:42,- 6월 둘째주에 8백만원 투자금액 추가됨 ,,,,,,,,,,,,,851.02,,,,,,,,14.71240603,,,
,,시드 머니 투자금액,평가금액,,,투자금,수익 ,수익률,,,,,,,,,8.773402062,,예수금,,환율 ,,,,,,,
,한국,"14,051,516.00","59,301,455.00",,,"15,281,080.00","44,020,375.00",288.07%,,,,,,,,,,카카오,"18,282.00","18,282.00",1559.27,,,,,,,
,미국,"$12,659.65","$10,197.85",,,"$12,659.65","$2,137.22",16.88%,,,,,,,,,,ISA,"2,757.00","2,757.00",,,,,,,,
,예수금,"8,092,082.18","4,967,417.66",,,,,,,,,,,,,,,키움1,"$2,954.00","4,776,231.12",,,,,,,,
,총계,"41,883,406.23","80,170,070.01",,,"35,020,888.06","47,352,878.20",113.06%,,,,,,,,,,키움2,$109.12,"170,147.54",,,,,,,,
,,,,,,,,,,,,,,,,,,총계,,"4,967,417.66",,,,,,,,
,,,,,,,연금 (개인),,,,,,,연금(회사),,,,,,,,,,,,,,
,수익 :한국,수익:미국,수익:미국(원),수익 :전체,수익률,총평가금액,ETF,예수금,총평가금액,총액,,수익률,,총평가금액,,,수익,수익률,,,,,,,,,,
2025-3월첫째주,"9,927,516.00",-$500.41,"-780,278.50","9,147,237.50",40%,"28,297,784.08","3,533,430.00","1,814,036.00","5,347,466.00","33,645,250.08",8종목 마이너스,,,,,,,,,,,,,,,,,
2025-3월둘째주,"9,281,001.00",-$318.18,"-496,128.53","8,297,656.51",40.58%,"28,744,483.53","3,876,185.00","1,379,957.00","5,256,142.00","34,000,625.53","6종목마이너스	
NVDA 주식 14주 구매	
아이온큐 10주 늘림	
팔란티어 3주 줄임	
JPM 1주 늘림 	
* RSI 가 30 작은 주식 매매 	",,,,,,,,,,,,,,,,,
2025-3월세재주,"9,553,800.00",-$566.04,"-882,614.44","6,204,748.98",29.01%,"27,594,533.25","4,136,675.00","1,144,513.00","5,281,188.00","32,875,721.25",,,,,,,,,,,,,,,,,,
2025-3월네째주,"8,822,800.00",-$351.19,"-547,600.05","10,643,381.40",65.38%,"26,587,960.34","4,260,045.00","1,007,676.00","5,267,721.00","31,855,681.34"," tsla, nvida 정리 : -8% 이하 '",,,,,,,,,,,,,,,,,
2025-4월둘째주,"9,442,689.00",$219.15,"341,719.39","15,790,626.08",82.94%,"27,015,215.31","4,374,555.00","656,270.00","5,030,825.00","32,046,040.31","soxl 178 매수, NVDA, TSLA 2X 15% 익절,, 팔란티어 8주 매수 ",,,,,,,,,,,,,,,,,
2025-5월첫째주,"9,743,576.00",$932.27,"1,453,656.95","12,767,363.22",89.52%,"27,030,045.20","5,168,906.00","113,386.00","5,168,906.00","32,198,951.20","soxl 82주 31% 익절, TSLA 2주 매수, 미국 배당주는 미국채 10년물 금리와 역의 관계 (국채 금리가 올라가면 배당주에 투자 꺼림)",,,,,,,,,,,,,,,,,
2025-5월세째주,"10,239,162.00","$2,313.27","3,607,012.88","13,846,174.88",57.60%,"28,457,287.87","5,279,975.00","3,335.00","5,283,310.00","33,740,597.87",soxl 140 주 매수 : 매수 이유 ,,,,,,,,,,,,,,,,,
2025-5월다섯째주,"11,828,999.00",$908.06,"1,415,913.01","14,826,044.97",92.05%,"30,932,235.55","4,823,500.00","483,244.00","5,306,744.00","36,238,979.55","팔란티어 2주 매도 : 이익이 50 % 넘어서 이중 25 %를 매도함, 
메타 정리함 : 미국 관련 주식은 테슬라와 S&P 500 에만 투자할 에정 ",,,,,,,,,,,,,,,,,
2025-6월첫째주,"11,839,137.00","$2,600.15","4,054,341.45","15,363,437.15",112.82%,"31,092,246.75","4,900,860.00","423,715.00","5,324,575.00","36,416,821.75","TSLL 28 매도하고 (-20만원), 27주 매수함. 단 평단가를 10.55로 낮춤  ",,,,,,,,,,,,,,,,,
2025-6월둘째주,"12,797,840.00","$1,390.63","2,168,365.93","22,199,056.71",142.80%,"37,744,991.50","4,704,580.00","689,732.00","5,394,312.00","43,139,303.50","삼성전자에 총 45 주 투자함, 유나이트 헬스 2주 매도, 미국 회사채 19주 매도, 미국국채 10년 10주 매도 --> 예금 금리가 4.5% 상황에서 미국 채권 가격이 높게 거래될 수가 없으며, 회사채도 마찬가지로 금리에 비해 메리트가 없어서 매도함 ",,,,,,,,,,,,,,,,,
2025-06-22,"12,125,031",$96.20,"150,000.06","12,257,018.78",75.49%,"39,333,325.19","5,429,700.00","454,996.00","5,884,696.00","45,218,021.19","삼성전자에 총 45 주 투자함, 유나이트 헬스 2주 매도, 미국 회사채 19주 매도, 미국국채 10년 10주 매도 --> 예금 금리가 4.5% 상황에서 미국 채권 가격이 높게 거래될 수가 없으며, 회사채도 마찬가지로 금리에 비해 메리트가 없어서 매도함 ",,,,,,,,,,,,,,,,,
2025-11-09,"24,593,227.00","$3,217.24","5,016,546.64","29,277,497.04",149.29%,"50,284,200.50","5,810,970.00","464,196.00","6,275,166.00",,,8.40%,,"101,411,713.00",,,"-279,353.00",-0.27%,,,,,,,,,,
2025-11-16,"24,338,131.00",$855.73,"1,334,309.84","25,577,677.60",113.64%,"48,402,437.33","5,827,430.00","464,222.00","6,291,652.00",,,8.72%,,"101,381,750.00",,,"-277,343.00",-0.45%,,,,,,,,,,
2025-11-29,"22,422,606.00","$1,167.16","1,819,913.54","24,135,561.23",106.02%,"48,191,414.32","6,324,340.00","9,946.00","6,334,286.00",,,8.77%,,"102,774,363.00",,,"441,527.00",0.44%,,,,,,,,,,
2026-02-01,"33,272,319.00",$239.00,"372,663.15","33,619,057.99",130.91%,"56,362,353.33","5,688,965.00","662,498.00","6,351,463.00",,,8.79%,,"105,866,940.00",,,"1,865,636.00",1.80%,,,,,,,,,,
2026-04-12,"31,381,074.44",-$40.32,"-62,869.45","31,371,944.34",107.26%,"68,006,689.25","6,678,128.00","16,663.00","6,694,791.00",,,11.45%,,"114,227,233.00",,,"6,517,378.00",6.12%,,,,,,,,,,
2026-04-19,"33,100,932.00","$1,188.21","1,852,745.48","34,844,088.56",116.64%,"71,044,341.66","6,724,193.00","16,663.00","6,740,856.00",,,12.20%,,"116,606,751.00",,,"9,178,367.00",7.87%,,,,,,,,,,
2026-04-25,"40,644,950.00",$878.60,"1,369,972.75","41,942,324.13",137.75%,"78,735,224.41","6,796,498.00","16,663.00","6,813,161.00",,,13.43%,,"120,048,223.00",,,"11,504,023.00",11.75%,,,,,,,,,,
2026-05-02,"38,891,325.00",$394.32,"614,843.71","39,471,488.69",129.89%,"76,470,044.09","6,856,218.00","16,663.00","6,872,881.00",,,14.43%,,"120,959,947.00",,,"12,548,779.00",11.76%,- 테슬라 정리하고 엔비디아에 몰빵 투자함 ,,,,,,,,,
2026-05-10,"43,965,738.00","$2,141.27","3,338,823.89","47,096,108.89",130.86%,"80,483,556.87","6,382,540.00","477,244.00","6,859,784.00",,,13.62%,,"125,684,739.00",,,"16,478,673.00",16.21%,"- 엔비디아 정리하고, MU, AVGO, VRT 등에 분산 투자 ",,,,,,,,,
2026-05-17,"42,162,846.00","$2,453.49","3,825,651.73","45,838,307.40",127.92%,"78,038,340.70","6,815,030.00","72,288.00","6,687,318.00",,,13.33%,,"127,729,176.00",,,"18,959,833.00",17.44%,- AVGO 3주 정리함 ,,,,,,,,,
2026-05-24,"43,648,739.00","$2,653.44","4,137,432.23","47,524,826.26",127.49%,"78,410,743.45","6,845,550.00","72,305.00","6,917,855.00",,,13.84%,,"129,904,687.00",,,"20,448,522.00",19.14%,,,,,,,,,,
2026-05-30,"45,252,944.00","$4,638.67","7,232,934.01","52,647,434.68",126.72%,"82,609,356.74","6,799,175.00","173,236.00","6,972,411.00",,,14.16%,,"133,758,812.00",,,"25,096,930.00",23.17%,"- 로캣랩 22주 구매, 잘못된 충동구매",,,,,,,,,
2026-06-07,"44,726,555.00","$2,137.22","3,332,503.20","48,059,058.20",114.74%,"80,876,250.01","6,989,570.00","32,151.00","7,021,721.00",,,14.64%,,"133,935,527.00",,,"25,270,898.00",23.26%,,,,,,,,,,